"Timestamp","TZ","IOKI 1 (A)","IOKI 1_AV (A)","IOKI 1_MN (A)","IOKI 1_MX (A)","IOKI 1_SD (A)","IOKI 1_NUM (A)","IOKI 1_INT (A)","IOKI 1_IMN (A)","IOKI 1_IMX (A)","IOKI 2 (A)","IOKI 2_AV (A)","IOKI 2_MN (A)","IOKI 2_MX (A)","IOKI 2_SD (A)","IOKI 2_NUM (A)","IOKI 2_INT (A)","IOKI 2_IMN (A)","IOKI 2_IMX (A)","K-type (degC)","K-type_AV (degC)","K-type_MN (degC)","K-type_MX (degC)","K-type_SD (degC)","K-type_NUM (degC)","K-type_INT (degC)","K-type_IMN (degC)","K-type_IMX (degC)"
2025/01/31 08:44:00.233,n,37.424532,36.292116,32.341042,39.171816,2.118505,10,361.82936,2025/01/31 08:43:58.026,2025/01/31 08:43:51.002,35.25358,35.72018,34.051644,37.27402,1.146117,10,358.21924,2025/01/31 08:43:57.002,2025/01/31 08:43:52.070,6.676439,6.673545,6.661235,6.694246,0.011791,10,66.724432,2025/01/31 08:43:56.009,2025/01/31 08:43:59.013
2025/01/31 08:44:10.283,n,36.02732,34.812808,31.015508,38.364536,2.203636,10,350.28136,2025/01/31 08:44:03.002,2025/01/31 08:44:05.008,34.94498,35.231768,32.61985,37.533972,1.44409,10,353.92692,2025/01/31 08:44:07.002,2025/01/31 08:44:04.028,6.717403,6.686514,6.653535,6.722679,0.02351,10,67.120032,2025/01/31 08:44:04.028,2025/01/31 08:44:01.002
2025/01/31 08:44:20.431,n,35.347328,35.845644,32.91016,38.732216,1.464422,10,361.33128,2025/01/31 08:44:12.035,2025/01/31 08:44:19.002,36.568484,36.089908,33.910528,38.304724,1.460415,10,362.45268,2025/01/31 08:44:19.002,2025/01/31 08:44:11.004,6.640108,6.661465,6.640108,6.686575,0.018042,10,67.101996,2025/01/31 08:44:16.020,2025/01/31 08:44:11.004
2025/01/31 08:44:30.328,n,34.67368,36.11414,33.862648,39.538552,1.796747,10,358.814,2025/01/31 08:44:26.035,2025/01/31 08:44:22.008,35.279028,34.59252,33.053108,36.455392,1.268184,10,343.74416,2025/01/31 08:44:27.005,2025/01/31 08:44:28.011,6.665608,6.656193,6.619365,6.676429,0.017372,10,66.039316,2025/01/31 08:44:25.002,2025/01/31 08:44:21.006
2025/01/31 08:44:40.315,n,34.257968,34.73114,33.223854,37.29926,1.430197,10,346.69836,2025/01/31 08:44:37.002,2025/01/31 08:44:36.022,38.684328,37.13078,35.046392,40.199164,1.644283,10,368.87788,2025/01/31 08:44:35.002,2025/01/31 08:44:37.002,6.69534,6.686898,6.650031,6.714979,0.017274,10,66.698776,2025/01/31 08:44:33.006,2025/01/31 08:44:38.062
2025/01/31 08:44:50.369,n,33.936868,36.5317,33.936868,39.270388,1.719287,10,366.25824,2025/01/31 08:44:50.033,2025/01/31 08:44:45.005,33.124154,34.871108,33.061104,37.976412,1.888235,10,352.32852,2025/01/31 08:44:45.005,2025/01/31 08:44:48.119,6.709447,6.700784,6.677511,6.723978,0.014499,10,67.149792,2025/01/31 08:44:45.005,2025/01/31 08:44:48.119
2025/01/31 08:45:00.435,n,36.488528,36.313272,32.888584,39.787756,2.279989,10,365.61092,2025/01/31 08:44:53.002,2025/01/31 08:44:56.096,34.289004,35.527772,32.843846,37.769108,1.509662,10,358.09404,2025/01/31 08:44:55.009,2025/01/31 08:44:53.002,6.736074,6.73538,6.711614,6.753678,0.012624,10,68.020432,2025/01/31 08:44:56.096,2025/01/31 08:44:57.002
2025/01/31 08:45:10.671,n,-0.369022,17.884774,-0.371502,38.996436,19.281866,10,193.31946,2025/01/31 08:45:06.040,2025/01/31 08:45:02.069,-0.226021,18.236048,-0.227345,38.880436,19.493828,10,195.67824,2025/01/31 08:45:06.040,2025/01/31 08:45:01.006,6.712958,6.731276,6.68763,6.775709,0.034004,10,67.667168,2025/01/31 08:45:08.164,2025/01/31 08:45:03.002
2025/01/31 08:45:20.339,n,-0.370087,-0.370238,-0.37133,-0.368229,0.000956,10,-3.652019,2025/01/31 08:45:18.121,2025/01/31 08:45:12.050,-0.225933,-0.226594,-0.227695,-0.225315,0.000888,10,-2.235428,2025/01/31 08:45:15.002,2025/01/31 08:45:16.085,6.70965,6.718416,6.70965,6.736086,0.006639,10,66.282172,2025/01/31 08:45:20.051,2025/01/31 08:45:15.002
2025/01/31 08:45:30.517,n,-0.369022,-0.370122,-0.371414,-0.369022,0.000781,10,-3.69906,2025/01/31 08:45:21.248,2025/01/31 08:45:30.044,-0.226463,-0.225828,-0.226551,-0.224964,0.000592,10,-2.256321,2025/01/31 08:45:21.248,2025/01/31 08:45:25.002,6.711828,6.721125,6.711828,6.738273,0.009916,10,67.158624,2025/01/31 08:45:30.044,2025/01/31 08:45:24.097
2025/01/31 08:45:40.424,n,-0.369644,-0.369971,-0.370266,-0.369556,0.000257,10,-3.703565,2025/01/31 08:45:32.375,2025/01/31 08:45:36.094,-0.225845,-0.226384,-0.227612,-0.224697,0.000834,10,-2.266599,2025/01/31 08:45:37.002,2025/01/31 08:45:36.094,6.710541,6.704385,6.665429,6.738264,0.019833,10,67.1228,2025/01/31 08:45:38.078,2025/01/31 08:45:36.094
2025/01/31 08:45:50.475,n,-0.369465,-0.369156,-0.370617,-0.367428,0.000884,10,-3.683621,2025/01/31 08:45:46.112,2025/01/31 08:45:47.002,-0.226906,-0.225527,-0.227081,-0.222668,0.00132,10,-2.249674,2025/01/31 08:45:42.078,2025/01/31 08:45:45.009,6.686512,6.696696,6.676405,6.72066,0.013656,10,66.833708,2025/01/31 08:45:46.112,2025/01/31 08:45:44.036
2025/01/31 08:46:00.483,n,-0.369644,-0.369236,-0.371059,-0.367077,0.001036,10,-3.76094,2025/01/31 08:45:58.076,2025/01/31 08:45:51.018,-0.22699,-0.225509,-0.22699,-0.22443,0.000781,10,-2.297124,2025/01/31 08:46:00.219,2025/01/31 08:45:53.002,6.647791,6.683538,6.647791,6.703044,0.016675,10,68.094584,2025/01/31 08:46:00.219,2025/01/31 08:45:56.018
2025/01/31 08:46:10.356,n,-0.369202,-0.369361,-0.370796,-0.368404,0.000846,10,-3.630356,2025/01/31 08:46:05.002,2025/01/31 08:46:08.046,-0.224873,-0.225042,-0.226463,-0.223812,0.00075,10,-2.212724,2025/01/31 08:46:04.032,2025/01/31 08:46:03.005,6.662075,6.654548,6.636779,6.66428,0.008637,10,65.395408,2025/01/31 08:46:03.005,2025/01/31 08:46:04.032
2025/01/31 08:46:20.248,n,-0.369999,-0.369122,-0.370266,-0.367428,0.000977,10,-3.675109,2025/01/31 08:46:12.052,2025/01/31 08:46:19.005,-0.225754,-0.225686,-0.226288,-0.224522,0.000604,10,-2.246837,2025/01/31 08:46:11.012,2025/01/31 08:46:18.002,6.62797,6.644397,6.62797,6.657683,0.010086,10,66.1773,2025/01/31 08:46:20.005,2025/01/31 08:46:17.039
2025/01/31 08:46:30.264,n,-0.370087,-0.368608,-0.370087,-0.367165,0.000814,10,-3.689118,2025/01/31 08:46:30.013,2025/01/31 08:46:21.045,-0.223904,-0.225157,-0.226463,-0.223904,0.000865,10,-2.254552,2025/01/31 08:46:22.019,2025/01/31 08:46:30.013,6.626853,6.621834,6.602663,6.648853,0.014499,10,66.27916,2025/01/31 08:46:26.010,2025/01/31 08:46:27.002
2025/01/31 08:46:40.254,n,-0.368492,-0.368413,-0.370266,-0.367077,0.000942,10,-3.680956,2025/01/31 08:46:37.002,2025/01/31 08:46:39.005,-0.225491,-0.224866,-0.22567,-0.223904,0.000641,10,-2.24542,2025/01/31 08:46:31.035,2025/01/31 08:46:37.002,6.616915,6.62267,6.611611,6.638937,0.011351,10,66.159804,2025/01/31 08:46:39.005,2025/01/31 08:46:36.011
2025/01/31 08:46:50.499,n,-0.367252,-0.368608,-0.370266,-0.367252,0.000983,10,-3.687346,2025/01/31 08:46:49.002,2025/01/31 08:46:50.004,-0.224785,-0.224997,-0.225933,-0.22443,0.000431,10,-2.250721,2025/01/31 08:46:48.009,2025/01/31 08:46:45.033,6.59825,6.605914,6.589397,6.622427,0.010253,10,66.079764,2025/01/31 08:46:49.002,2025/01/31 08:46:42.011
2025/01/31 08:47:00.248,n,-0.369289,-0.368041,-0.369289,-0.366985,0.000763,10,-3.678816,2025/01/31 08:47:00.002,2025/01/31 08:46:56.051,-0.225052,-0.224593,-0.22567,-0.223286,0.000705,10,-2.245523,2025/01/31 08:46:59.007,2025/01/31 08:46:55.013,6.605929,6.605166,6.585037,6.622609,0.010417,10,66.037344,2025/01/31 08:46:59.007,2025/01/31 08:46:52.002
2025/01/31 08:47:10.244,n,-0.36787,-0.36851,-0.369377,-0.36787,0.000515,10,-3.68912,2025/01/31 08:47:04.014,2025/01/31 08:47:10.011,-0.22514,-0.22468,-0.22567,-0.224167,0.000446,10,-2.248674,2025/01/31 08:47:04.014,2025/01/31 08:47:07.256,6.594873,6.591497,6.580611,6.605942,0.008027,10,65.980004,2025/01/31 08:47:09.005,2025/01/31 08:47:04.014
2025/01/31 08:47:20.251,n,-0.368935,-0.36844,-0.369289,-0.366985,0.000641,10,-3.685062,2025/01/31 08:47:15.004,2025/01/31 08:47:18.003,-0.22443,-0.224548,-0.225845,-0.223465,0.000737,10,-2.246572,2025/01/31 08:47:14.002,2025/01/31 08:47:16.009,6.588324,6.593694,6.582778,6.621301,0.011791,10,65.962332,2025/01/31 08:47:16.009,2025/01/31 08:47:19.024
2025/01/31 08:47:30.289,n,32.109932,15.148196,-0.369465,33.50272,16.424202,10,136.57018,2025/01/31 08:47:24.016,2025/01/31 08:47:29.087,35.548928,14.672496,-0.225227,37.272468,16.659932,10,127.28842,2025/01/31 08:47:23.018,2025/01/31 08:47:27.461,6.703894,6.642703,6.58392,6.703894,0.046256,10,66.659532,2025/01/31 08:47:25.014,2025/01/31 08:47:30.058
2025/01/31 08:47:40.240,n,23.417334,45.003088,23.417334,62.652776,11.70306,10,453.42904,2025/01/31 08:47:40.005,2025/01/31 08:47:39.111,22.708502,45.4302,22.708502,62.736792,11.384974,10,459.676,2025/01/31 08:47:40.005,2025/01/31 08:47:39.111,6.68844,6.707427,6.68844,6.723916,0.011646,10,66.726004,2025/01/31 08:47:40.005,2025/01/31 08:47:34.005
2025/01/31 08:47:50.246,n,36.6334,36.172984,32.584598,38.1536,1.777133,10,352.89908,2025/01/31 08:47:47.073,2025/01/31 08:47:43.037,37.690528,35.640852,33.994272,37.690528,1.46357,10,346.65688,2025/01/31 08:47:46.002,2025/01/31 08:47:50.008,6.758011,6.752538,6.725906,6.785326,0.019225,10,67.503208,2025/01/31 08:47:41.395,2025/01/31 08:47:43.037
2025/01/31 08:48:00.250,n,37.817816,35.770628,32.6991,38.244116,1.912019,10,357.32508,2025/01/31 08:47:56.005,2025/01/31 08:47:51.104,35.713052,35.935164,33.148076,38.06376,1.649784,10,360.828,2025/01/31 08:47:59.075,2025/01/31 08:47:56.005,6.763542,6.758098,6.739309,6.784434,0.013532,10,67.599216,2025/01/31 08:47:52.004,2025/01/31 08:47:54.011
2025/01/31 08:48:10.251,n,34.02378,36.194384,34.02378,39.51578,1.836261,10,363.36456,2025/01/31 08:48:10.013,2025/01/31 08:48:05.086,37.071296,36.298532,33.97672,41.01722,2.647924,10,362.26064,2025/01/31 08:48:03.090,2025/01/31 08:48:01.202,6.771031,6.756853,6.740416,6.772139,0.011791,10,67.585824,2025/01/31 08:48:04.415,2025/01/31 08:48:03.090
2025/01/31 08:48:20.237,n,36.145912,35.50694,33.073856,37.511112,1.391317,10,353.62216,2025/01/31 08:48:15.111,2025/01/31 08:48:14.004,34.899816,35.602696,32.844638,38.526492,1.901805,10,356.93692,2025/01/31 08:48:14.004,2025/01/31 08:48:17.109,6.755843,6.764577,6.749224,6.777862,0.010417,10,67.579288,2025/01/31 08:48:14.004,2025/01/31 08:48:17.109
2025/01/31 08:48:30.241,n,32.119602,35.449716,32.119602,40.07566,2.455706,10,356.99956,2025/01/31 08:48:30.005,2025/01/31 08:48:26.016,36.36704,36.253348,33.41196,41.039832,2.440081,10,360.90668,2025/01/31 08:48:29.096,2025/01/31 08:48:22.010,6.788838,6.787688,6.762223,6.816378,0.017372,10,67.87236,2025/01/31 08:48:24.005,2025/01/31 08:48:29.096
2025/01/31 08:48:40.242,n,36.757636,36.580904,32.615058,39.315744,2.221292,10,362.59364,2025/01/31 08:48:35.005,2025/01/31 08:48:33.054,33.028358,35.43212,33.028358,38.159888,1.422171,10,355.99312,2025/01/31 08:48:40.003,2025/01/31 08:48:37.098,6.806496,6.800852,6.784477,6.829589,0.015185,10,67.985216,2025/01/31 08:48:39.035,2025/01/31 08:48:32.272
2025/01/31 08:48:50.246,n,37.541048,36.216276,34.066776,39.035588,1.809414,10,362.01492,2025/01/31 08:48:49.085,2025/01/31 08:48:42.002,34.003848,35.903256,33.801212,37.876712,1.612869,10,358.86448,2025/01/31 08:48:42.002,2025/01/31 08:48:49.085,6.802093,6.806345,6.764608,6.828461,0.020995,10,68.118968,2025/01/31 08:48:41.054,2025/01/31 08:48:47.031
2025/01/31 08:49:00.483,n,39.512464,35.768676,32.713176,39.54384,2.619165,10,363.54484,2025/01/31 08:48:56.009,2025/01/31 08:48:57.053,35.497144,36.311684,32.834762,39.730388,2.302131,10,368.06844,2025/01/31 08:48:53.027,2025/01/31 08:48:59.019,6.651449,6.65021,6.62062,6.674538,0.016675,10,67.726984,2025/01/31 08:48:53.027,2025/01/31 08:48:51.262
2025/01/31 08:49:10.255,n,37.691844,35.485716,31.827588,38.49562,1.935763,10,349.73336,2025/01/31 08:49:02.002,2025/01/31 08:49:05.016,33.288128,35.913188,33.288128,38.888072,1.699673,10,354.3702,2025/01/31 08:49:10.019,2025/01/31 08:49:03.006,6.634909,6.634589,6.617292,6.652526,0.008438,10,65.284868,2025/01/31 08:49:08.007,2025/01/31 08:49:05.016
2025/01/31 08:49:20.244,n,37.113724,35.577588,33.225964,37.506972,1.44683,10,355.42312,2025/01/31 08:49:16.017,2025/01/31 08:49:18.002,36.415692,36.891428,34.745648,41.045148,1.80127,10,366.886,2025/01/31 08:49:13.017,2025/01/31 08:49:16.017,6.631613,6.639747,6.617292,6.659113,0.013406,10,66.29664,2025/01/31 08:49:18.002,2025/01/31 08:49:11.007
2025/01/31 08:49:30.242,n,35.52806,34.762208,32.476208,36.59758,1.298412,10,348.60904,2025/01/31 08:49:24.008,2025/01/31 08:49:21.002,36.088756,35.588492,32.361614,40.624832,2.408707,10,356.68292,2025/01/31 08:49:29.002,2025/01/31 08:49:23.003,6.652526,6.633924,6.611811,6.652526,0.015625,10,66.361564,2025/01/31 08:49:25.002,2025/01/31 08:49:22.027
2025/01/31 08:49:40.309,n,36.517436,35.971652,33.784192,39.09254,1.768043,10,360.5078,2025/01/31 08:49:31.022,2025/01/31 08:49:37.002,36.285448,36.087392,33.729112,39.311632,1.598407,10,362.11168,2025/01/31 08:49:37.002,2025/01/31 08:49:38.016,6.627209,6.635567,6.619474,6.650304,0.012353,10,66.608184,2025/01/31 08:49:38.016,2025/01/31 08:49:33.006
2025/01/31 08:49:50.442,n,36.984232,36.248892,33.376602,38.892012,1.455876,10,361.1342,2025/01/31 08:49:45.003,2025/01/31 08:49:49.008,36.637192,35.265936,33.154984,40.608476,2.277513,10,351.3978,2025/01/31 08:49:43.002,2025/01/31 08:49:45.003,6.605187,6.627852,6.605187,6.658038,0.017853,10,66.08342,2025/01/31 08:49:50.014,2025/01/31 08:49:48.003
2025/01/31 08:50:00.239,n,33.253098,36.262932,33.253098,38.134504,1.432813,10,364.12616,2025/01/31 08:50:00.002,2025/01/31 08:49:56.112,35.544756,35.576784,34.441448,37.29982,0.917199,10,355.91552,2025/01/31 08:49:54.018,2025/01/31 08:49:55.002,6.626112,6.629948,6.607354,6.649241,0.014144,10,66.21232,2025/01/31 08:49:59.014,2025/01/31 08:49:58.007
2025/01/31 08:50:10.437,n,36.860976,36.848316,33.472148,40.34962,2.124489,10,369.04752,2025/01/31 08:50:01.005,2025/01/31 08:50:09.009,37.875688,35.653708,32.403302,38.210856,2.168644,10,358.49992,2025/01/31 08:50:03.016,2025/01/31 08:50:06.011,6.619474,6.618611,6.599685,6.638185,0.013656,10,66.685388,2025/01/31 08:50:06.011,2025/01/31 08:50:02.043
2025/01/31 08:50:20.406,n,38.654308,36.492416,32.009228,40.578872,2.721244,10,363.77312,2025/01/31 08:50:14.046,2025/01/31 08:50:15.035,35.280376,35.708236,33.981244,37.344708,1.131588,10,357.95668,2025/01/31 08:50:16.039,2025/01/31 08:50:18.038,6.629399,6.634776,6.601865,6.664592,0.018597,10,66.275888,2025/01/31 08:50:12.114,2025/01/31 08:50:13.025
2025/01/31 08:50:30.531,n,34.712324,35.250052,34.146224,36.960552,0.913703,10,355.32576,2025/01/31 08:50:28.124,2025/01/31 08:50:22.120,35.867264,35.54406,31.556716,37.158676,1.599187,10,356.197,2025/01/31 08:50:24.101,2025/01/31 08:50:23.036,6.668996,6.649984,6.633803,6.673453,0.015073,10,66.661376,2025/01/31 08:50:22.120,2025/01/31 08:50:25.023
2025/01/31 08:50:40.619,n,34.583692,35.782928,32.899486,38.407572,1.87581,10,357.48892,2025/01/31 08:50:33.002,2025/01/31 08:50:31.004,36.826212,35.818252,33.25389,37.823076,1.660601,10,357.11916,2025/01/31 08:50:32.094,2025/01/31 08:50:39.002,6.685517,6.675832,6.651432,6.689909,0.012489,10,66.670776,2025/01/31 08:50:39.002,2025/01/31 08:50:34.077
2025/01/31 08:50:50.435,n,34.369884,35.571688,32.600354,41.027236,2.786025,10,357.0288,2025/01/31 08:50:47.002,2025/01/31 08:50:43.002,38.38792,36.839944,32.885116,39.648116,1.960521,10,368.31044,2025/01/31 08:50:43.002,2025/01/31 08:50:44.134,6.663484,6.672748,6.658006,6.705349,0.015073,10,66.888304,2025/01/31 08:50:45.002,2025/01/31 08:50:43.002
2025/01/31 08:51:00.467,n,33.596476,36.356696,31.99165,39.513196,2.523522,10,363.89488,2025/01/31 08:50:51.002,2025/01/31 08:50:53.002,35.505872,34.749604,32.058818,37.506972,1.789667,10,348.6984,2025/01/31 08:50:55.002,2025/01/31 08:50:51.002,6.693239,6.68189,6.646975,6.699837,0.016776,10,66.800032,2025/01/31 08:50:52.088,2025/01/31 08:50:58.119
2025/01/31 08:51:10.548,n,32.744396,35.276636,32.744396,38.557724,1.826752,10,352.25904,2025/01/31 08:51:10.076,2025/01/31 08:51:05.002,34.249708,36.569648,34.249708,39.26002,1.545463,10,365.14416,2025/01/31 08:51:10.076,2025/01/31 08:51:08.081,6.696529,6.687499,6.662411,6.698717,0.010737,10,66.687132,2025/01/31 08:51:07.002,2025/01/31 08:51:04.026
2025/01/31 08:51:20.540,n,37.767288,36.38626,33.244308,39.962144,2.332054,10,359.38904,2025/01/31 08:51:13.002,2025/01/31 08:51:15.002,37.720136,36.04138,32.507462,38.519208,2.094657,10,357.33744,2025/01/31 08:51:15.002,2025/01/31 08:51:18.109,6.696529,6.68618,6.658006,6.700933,0.012353,10,66.538108,2025/01/31 08:51:15.002,2025/01/31 08:51:12.053
2025/01/31 08:51:30.426,n,37.20128,35.80946,32.869916,38.147108,1.802715,10,361.34784,2025/01/31 08:51:25.190,2025/01/31 08:51:22.088,34.752788,35.769048,33.511978,39.61912,2.128444,10,362.07568,2025/01/31 08:51:26.064,2025/01/31 08:51:23.002,6.692137,6.681886,6.661296,6.718549,0.016573,10,67.36316,2025/01/31 08:51:28.103,2025/01/31 08:51:21.002
2025/01/31 08:51:40.317,n,35.494764,35.8908,33.175732,39.814192,2.008419,10,357.8482,2025/01/31 08:51:32.026,2025/01/31 08:51:37.003,33.47456,35.382924,32.526688,38.261276,2.034079,10,352.68932,2025/01/31 08:51:37.003,2025/01/31 08:51:39.002,6.616158,6.656891,6.616158,6.702005,0.024774,10,66.267396,2025/01/31 08:51:40.059,2025/01/31 08:51:31.003
2025/01/31 08:51:50.347,n,36.911572,35.985988,33.036084,38.489364,1.615558,10,359.49184,2025/01/31 08:51:48.050,2025/01/31 08:51:46.057,33.623364,36.060356,33.623364,38.316356,1.487469,10,360.83052,2025/01/31 08:51:50.067,2025/01/31 08:51:49.002,6.633775,6.641034,6.629371,6.656883,0.009916,10,66.452836,2025/01/31 08:51:46.057,2025/01/31 08:51:47.006
2025/01/31 08:52:00.243,n,37.47154,34.861608,32.043656,37.47154,1.615155,10,346.08488,2025/01/31 08:51:57.002,2025/01/31 08:52:00.002,38.068312,36.339132,33.515152,38.66292,1.724045,10,358.78628,2025/01/31 08:51:56.058,2025/01/31 08:51:57.002,6.661287,6.652475,6.62273,6.674521,0.015073,10,66.085244,2025/01/31 08:51:55.002,2025/01/31 08:51:58.023
2025/01/31 08:52:10.252,n,37.373092,36.896208,35.553484,38.312388,0.770552,10,369.10508,2025/01/31 08:52:06.002,2025/01/31 08:52:08.002,36.798564,35.825296,33.443528,38.132124,1.484987,10,358.83632,2025/01/31 08:52:01.033,2025/01/31 08:52:02.002,6.650264,6.654234,6.633755,6.675581,0.014731,10,66.552484,2025/01/31 08:52:05.020,2025/01/31 08:52:09.007
2025/01/31 08:52:20.266,n,36.540268,35.298804,32.98494,38.976636,1.718498,10,353.40256,2025/01/31 08:52:18.005,2025/01/31 08:52:12.007,33.576456,35.865976,33.576456,39.786784,1.768105,10,360.30028,2025/01/31 08:52:20.003,2025/01/31 08:52:17.002,6.67122,6.66294,6.650264,6.67122,0.006639,10,66.620428,2025/01/31 08:52:14.002,2025/01/31 08:52:20.003
2025/01/31 08:52:30.264,n,34.465312,35.2584,33.370224,38.6064,1.679056,10,353.76424,2025/01/31 08:52:28.002,2025/01/31 08:52:26.002,36.577008,36.085396,34.208328,39.62932,1.674007,10,359.07776,2025/01/31 08:52:21.085,2025/01/31 08:52:22.002,6.691009,6.678253,6.659072,6.694348,0.012215,10,66.775436,2025/01/31 08:52:28.002,2025/01/31 08:52:21.085
2025/01/31 08:52:40.238,n,36.409376,35.474848,32.566726,38.627576,2.217992,10,353.70052,2025/01/31 08:52:35.002,2025/01/31 08:52:36.002,35.728684,36.374152,34.212328,38.81596,1.491367,10,364.38924,2025/01/31 08:52:33.007,2025/01/31 08:52:39.002,6.683308,6.683421,6.652479,6.703156,0.017853,10,66.857148,2025/01/31 08:52:33.007,2025/01/31 08:52:38.002
2025/01/31 08:52:50.224,n,36.076888,36.478344,34.122296,38.352524,1.424724,10,364.86388,2025/01/31 08:52:44.002,2025/01/31 08:52:49.285,36.845988,35.34768,33.074382,39.820476,1.8938,10,351.9706,2025/01/31 08:52:47.002,2025/01/31 08:52:44.002,6.71304,6.69531,6.672285,6.71304,0.011791,10,66.911704,2025/01/31 08:52:48.476,2025/01/31 08:52:50.002
2025/01/31 08:53:00.515,n,39.403824,36.91786,34.400892,39.403824,1.529974,10,367.36336,2025/01/31 08:52:57.002,2025/01/31 08:53:00.002,33.752268,34.937512,33.244308,38.032664,1.757703,10,351.0894,2025/01/31 08:52:58.002,2025/01/31 08:52:54.002,6.678904,6.69366,6.644751,6.713029,0.021632,10,66.9513,2025/01/31 08:52:54.002,2025/01/31 08:52:58.002
2025/01/31 08:53:10.271,n,36.690196,35.895752,32.38649,37.55812,1.518906,10,360.37652,2025/01/31 08:53:05.031,2025/01/31 08:53:04.002,36.455912,36.17088,34.174876,38.313976,1.343952,10,360.35632,2025/01/31 08:53:02.006,2025/01/31 08:53:01.101,6.710837,6.694537,6.673383,6.738347,0.020256,10,66.92782,2025/01/31 08:53:09.039,2025/01/31 08:53:02.006
2025/01/31 08:53:20.235,n,39.311632,35.375772,33.135846,39.311632,2.113172,10,352.09972,2025/01/31 08:53:16.002,2025/01/31 08:53:20.002,33.304886,36.422188,33.304886,38.785356,1.781707,10,365.86632,2025/01/31 08:53:20.002,2025/01/31 08:53:16.002,6.691,6.674392,6.651362,6.704211,0.018506,10,66.756056,2025/01/31 08:53:18.008,2025/01/31 08:53:14.004
2025/01/31 08:53:30.238,n,34.987472,35.850352,34.044996,37.850572,1.188231,10,360.90596,2025/01/31 08:53:28.002,2025/01/31 08:53:22.002,36.852308,36.063616,33.466626,38.450056,1.770312,10,359.00036,2025/01/31 08:53:24.006,2025/01/31 08:53:26.002,6.666744,6.656977,6.627158,6.674475,0.01496,10,66.601904,2025/01/31 08:53:25.012,2025/01/31 08:53:23.097
2025/01/31 08:53:40.242,n,38.885724,36.078332,33.059216,38.980572,2.287876,10,358.91024,2025/01/31 08:53:38.002,2025/01/31 08:53:33.111,34.447796,34.9769,31.346446,38.252604,2.402911,10,351.1366,2025/01/31 08:53:33.111,2025/01/31 08:53:38.002,6.649127,6.643315,6.612816,6.676691,0.018959,10,66.464148,2025/01/31 08:53:37.092,2025/01/31 08:53:31.074
2025/01/31 08:53:50.232,n,36.967668,35.658968,32.23811,38.212444,1.950088,10,357.321,2025/01/31 08:53:44.002,2025/01/31 08:53:41.119,37.281692,36.01944,32.709182,37.281692,1.271218,10,358.5926,2025/01/31 08:53:46.007,2025/01/31 08:53:50.002,6.631362,6.640552,6.627149,6.651321,0.007592,10,66.374344,2025/01/31 08:53:47.034,2025/01/31 08:53:45.120
2025/01/31 08:54:00.237,n,35.045332,35.922964,33.07597,38.372968,1.654185,10,360.62472,2025/01/31 08:53:58.005,2025/01/31 08:53:55.094,37.702832,35.52384,32.006028,40.32936,2.623739,10,355.14228,2025/01/31 08:53:59.054,2025/01/31 08:53:58.005,6.695408,6.68284,6.662383,6.703107,0.012215,10,66.79696,2025/01/31 08:53:52.006,2025/01/31 08:53:55.094
2025/01/31 08:54:10.235,n,34.03468,35.60726,32.68919,39.908156,2.005824,10,356.53468,2025/01/31 08:54:09.050,2025/01/31 08:54:05.060,36.73054,35.765892,33.244308,38.313184,1.837236,10,358.17332,2025/01/31 08:54:07.076,2025/01/31 08:54:01.125,6.731731,6.712242,6.677792,6.739448,0.019137,10,67.10106,2025/01/31 08:54:01.125,2025/01/31 08:54:05.060
2025/01/31 08:54:20.240,n,33.38139,35.606604,32.783584,38.005264,1.738367,10,356.46384,2025/01/31 08:54:13.026,2025/01/31 08:54:19.051,39.592484,36.319572,34.166912,39.836136,2.181465,10,361.8264,2025/01/31 08:54:11.108,2025/01/31 08:54:19.051,6.724044,6.726881,6.705288,6.739448,0.010253,10,67.300192,2025/01/31 08:54:12.002,2025/01/31 08:54:13.026
2025/01/31 08:54:30.241,n,33.8632,35.548208,32.37846,38.166792,1.832593,10,355.54356,2025/01/31 08:54:26.004,2025/01/31 08:54:29.074,40.296552,36.340492,33.029644,40.296552,2.381547,10,362.8214,2025/01/31 08:54:28.002,2025/01/31 08:54:30.009,6.730619,6.727865,6.701978,6.750467,0.015841,10,67.296296,2025/01/31 08:54:28.002,2025/01/31 08:54:23.042
2025/01/31 08:54:40.229,n,35.19932,35.617364,32.895488,38.076184,1.448441,10,355.1486,2025/01/31 08:54:38.002,2025/01/31 08:54:31.048,36.784312,35.771064,33.681164,36.784312,0.801745,10,359.21676,2025/01/31 08:54:39.131,2025/01/31 08:54:40.002,6.672302,6.69253,6.671149,6.722904,0.020339,10,66.9032,2025/01/31 08:54:34.002,2025/01/31 08:54:32.003
2025/01/31 08:54:50.231,n,37.399088,35.534512,33.210006,39.572856,2.084739,10,354.13544,2025/01/31 08:54:47.002,2025/01/31 08:54:46.011,34.255292,36.3173,33.187694,38.822984,2.194186,10,364.537,2025/01/31 08:54:48.006,2025/01/31 08:54:45.020,6.69427,6.685144,6.661247,6.717387,0.016573,10,66.83802,2025/01/31 08:54:46.011,2025/01/31 08:54:45.020
2025/01/31 08:55:00.234,n,34.759928,35.506568,32.205184,39.479504,2.184596,10,356.5188,2025/01/31 08:54:59.002,2025/01/31 08:54:56.002,38.160508,35.893304,32.773968,39.462416,2.189682,10,357.15148,2025/01/31 08:54:56.002,2025/01/31 08:54:55.010,6.663493,6.663898,6.651325,6.689918,0.013021,10,66.658652,2025/01/31 08:54:54.004,2025/01/31 08:54:52.067
2025/01/31 08:55:10.242,n,36.131424,35.56022,33.513566,38.158128,1.34609,10,354.96464,2025/01/31 08:55:05.002,2025/01/31 08:55:06.002,36.234908,35.814928,31.705028,39.498336,2.064814,10,359.04896,2025/01/31 08:55:06.002,2025/01/31 08:55:09.002,6.667858,6.674889,6.646917,6.700864,0.014846,10,66.765732,2025/01/31 08:55:09.002,2025/01/31 08:55:04.007
2025/01/31 08:55:20.308,n,36.926588,36.443852,34.252116,38.87318,1.51837,10,367.00972,2025/01/31 08:55:14.283,2025/01/31 08:55:16.009,35.474104,35.44132,31.992444,38.319504,1.833422,10,357.72508,2025/01/31 08:55:11.011,2025/01/31 08:55:14.283,6.687663,6.6935,6.672249,6.709684,0.011791,10,67.407144,2025/01/31 08:55:12.002,2025/01/31 08:55:15.002
2025/01/31 08:55:30.244,n,36.38176,35.58548,33.480114,38.806528,2.198016,10,353.83528,2025/01/31 08:55:27.002,2025/01/31 08:55:28.002,33.748272,35.327324,31.97566,37.6132,1.654579,10,351.74988,2025/01/31 08:55:28.002,2025/01/31 08:55:27.002,6.709664,6.719699,6.699767,6.738303,0.014731,10,66.743828,2025/01/31 08:55:24.002,2025/01/31 08:55:26.024
2025/01/31 08:55:40.231,n,35.985944,35.941992,33.35667,39.375712,1.780123,10,359.195,2025/01/31 08:55:36.010,2025/01/31 08:55:31.161,37.029248,35.55232,32.845958,37.33766,1.559755,10,353.3764,2025/01/31 08:55:31.161,2025/01/31 08:55:35.005,6.731684,6.722566,6.686568,6.738303,0.016367,10,67.149816,2025/01/31 08:55:32.006,2025/01/31 08:55:34.002
2025/01/31 08:55:50.286,n,37.228864,35.908412,33.312058,38.630724,1.505632,10,360.08616,2025/01/31 08:55:49.002,2025/01/31 08:55:48.059,33.288922,35.818872,33.288922,38.080944,1.834753,10,362.12904,2025/01/31 08:55:50.054,2025/01/31 08:55:41.004,6.720687,6.728831,6.703091,6.756978,0.013902,10,67.6374,2025/01/31 08:55:45.008,2025/01/31 08:55:43.002
2025/01/31 08:56:00.336,n,32.78276,34.82738,32.394486,37.72328,1.813488,10,349.71972,2025/01/31 08:55:57.006,2025/01/31 08:55:54.012,38.50584,37.2074,34.98906,39.168468,1.304123,10,368.71864,2025/01/31 08:55:55.011,2025/01/31 08:55:51.008,6.708534,6.712534,6.698667,6.735004,0.010737,10,66.99066,2025/01/31 08:55:57.006,2025/01/31 08:55:55.011
2025/01/31 08:56:10.448,n,34.065716,34.588204,32.689984,39.045548,1.845456,10,350.98932,2025/01/31 08:56:09.003,2025/01/31 08:56:05.002,38.017744,36.90336,33.762648,38.828504,1.797139,10,375.88992,2025/01/31 08:56:05.002,2025/01/31 08:56:02.063,6.743812,6.725631,6.700835,6.747111,0.016877,10,68.4058,2025/01/31 08:56:08.040,2025/01/31 08:56:03.004
2025/01/31 08:56:20.375,n,33.079178,35.22468,32.613144,37.408524,1.606667,10,346.66124,2025/01/31 08:56:19.007,2025/01/31 08:56:14.066,35.425704,35.962756,34.033092,37.457384,1.090919,10,354.58144,2025/01/31 08:56:11.002,2025/01/31 08:56:16.062,6.714048,6.720565,6.690964,6.739386,0.016977,10,66.048408,2025/01/31 08:56:14.066,2025/01/31 08:56:18.035
2025/01/31 08:56:30.402,n,34.952616,35.15662,33.041672,36.77876,1.269253,10,352.43988,2025/01/31 08:56:22.096,2025/01/31 08:56:23.012,34.585276,35.09864,33.363052,37.754716,1.366927,10,353.29552,2025/01/31 08:56:24.008,2025/01/31 08:56:25.005,6.72177,6.738287,6.709634,6.763622,0.016573,10,67.727504,2025/01/31 08:56:29.009,2025/01/31 08:56:24.008
2025/01/31 08:56:40.484,n,34.771068,35.26984,33.341534,37.834088,1.432888,10,352.36444,2025/01/31 08:56:36.114,2025/01/31 08:56:37.003,36.476392,35.080316,30.745404,36.546948,1.835847,10,349.86616,2025/01/31 08:56:36.114,2025/01/31 08:56:31.003,6.738292,6.725081,6.682133,6.754814,0.020833,10,67.217384,2025/01/31 08:56:31.003,2025/01/31 08:56:38.146
2025/01/31 08:56:50.527,n,34.81944,35.405052,33.030438,39.867448,2.176784,10,358.38864,2025/01/31 08:56:46.067,2025/01/31 08:56:47.005,35.478864,36.1909,32.866714,39.368668,1.72722,10,366.65144,2025/01/31 08:56:47.005,2025/01/31 08:56:48.152,6.718456,6.708885,6.677729,6.727263,0.015516,10,67.886464,2025/01/31 08:56:48.152,2025/01/31 08:56:41.007
2025/01/31 08:57:00.713,n,37.021376,36.00898,34.135056,38.22902,1.590342,10,365.24492,2025/01/31 08:56:51.010,2025/01/31 08:56:53.004,33.417218,35.399148,33.417218,38.233716,1.494311,10,360.3028,2025/01/31 08:57:00.360,2025/01/31 08:56:54.094,6.657906,6.697605,6.657906,6.736071,0.025516,10,68.063816,2025/01/31 08:57:00.360,2025/01/31 08:56:54.094
2025/01/31 08:57:10.360,n,36.215196,36.305104,34.124712,39.510912,1.915959,10,351.48088,2025/01/31 08:57:08.126,2025/01/31 08:57:09.006,34.945512,35.824168,32.693982,37.754716,1.587235,10,346.41104,2025/01/31 08:57:09.006,2025/01/31 08:57:02.139,6.676627,6.682517,6.666712,6.726146,0.018506,10,64.633348,2025/01/31 08:57:06.184,2025/01/31 08:57:01.014
2025/01/31 08:57:20.432,n,35.150036,35.870736,33.334362,40.058304,2.295995,10,360.92684,2025/01/31 08:57:12.077,2025/01/31 08:57:14.083,34.361124,35.701188,33.322402,38.926468,2.095848,10,358.79388,2025/01/31 08:57:15.005,2025/01/31 08:57:17.002,6.679884,6.672479,6.652194,6.700812,0.013532,10,67.04876,2025/01/31 08:57:14.083,2025/01/31 08:57:12.077
2025/01/31 08:57:30.348,n,32.9514,35.86796,32.9514,38.157332,1.523898,10,359.2992,2025/01/31 08:57:30.076,2025/01/31 08:57:29.013,36.343092,35.983584,34.521708,38.136856,1.348828,10,358.89252,2025/01/31 08:57:23.015,2025/01/31 08:57:26.101,6.695344,6.684368,6.660066,6.711821,0.017077,10,66.792732,2025/01/31 08:57:25.008,2025/01/31 08:57:23.015
2025/01/31 08:57:40.249,n,36.790632,35.4442,33.610856,37.486524,1.402348,10,349.62992,2025/01/31 08:57:31.018,2025/01/31 08:57:32.094,34.137436,35.954192,33.320816,38.568712,1.733115,10,358.07828,2025/01/31 08:57:32.094,2025/01/31 08:57:36.005,6.683195,6.687445,6.664279,6.704108,0.010417,10,66.397208,2025/01/31 08:57:31.018,2025/01/31 08:57:36.005
2025/01/31 08:57:50.427,n,36.521556,35.829824,33.76744,37.525072,1.321686,10,358.66264,2025/01/31 08:57:48.030,2025/01/31 08:57:45.015,35.53282,35.627584,32.956192,38.629956,1.933997,10,355.67888,2025/01/31 08:57:41.016,2025/01/31 08:57:49.004,6.698587,6.687098,6.671076,6.714024,0.01289,10,66.898828,2025/01/31 08:57:45.015,2025/01/31 08:57:49.004
2025/01/31 08:58:00.282,n,36.274424,35.454184,32.61876,38.395004,1.964198,10,354.96616,2025/01/31 08:57:52.002,2025/01/31 08:57:51.101,34.660748,36.57964,34.066576,39.736676,1.802264,10,366.28692,2025/01/31 08:57:56.032,2025/01/31 08:57:59.007,6.710737,6.707957,6.663376,6.744861,0.023438,10,67.092552,2025/01/31 08:57:58.002,2025/01/31 08:57:52.002
2025/01/31 08:58:10.265,n,35.742108,35.711036,33.804948,39.803236,1.912303,10,357.37872,2025/01/31 08:58:06.013,2025/01/31 08:58:09.054,33.59248,34.850876,31.907636,39.807932,2.386349,10,349.06148,2025/01/31 08:58:06.013,2025/01/31 08:58:02.006,6.682079,6.679282,6.625951,6.703005,0.021553,10,66.836288,2025/01/31 08:58:09.054,2025/01/31 08:58:03.012
2025/01/31 08:58:20.268,n,39.250596,35.70504,33.960524,39.250596,1.856623,10,354.87356,2025/01/31 08:58:12.009,2025/01/31 08:58:20.003,32.49467,35.365764,32.49467,37.90004,1.814205,10,353.41308,2025/01/31 08:58:20.003,2025/01/31 08:58:14.003,6.668689,6.667463,6.644483,6.69312,0.013406,10,66.590576,2025/01/31 08:58:18.008,2025/01/31 08:58:11.088
2025/01/31 08:58:30.255,n,37.773572,35.889992,33.142224,39.206832,1.767491,10,359.71056,2025/01/31 08:58:24.306,2025/01/31 08:58:28.012,32.820354,36.115736,32.820354,39.133256,1.897607,10,361.37016,2025/01/31 08:58:30.006,2025/01/31 08:58:24.306,6.636752,6.655288,6.636752,6.66886,0.011049,10,66.587348,2025/01/31 08:58:30.006,2025/01/31 08:58:22.012
2025/01/31 08:58:40.241,n,37.104228,36.4761,31.644118,39.652052,1.98486,10,365.18544,2025/01/31 08:58:37.010,2025/01/31 08:58:38.015,33.572432,35.7493,33.572432,37.707564,1.500398,10,357.12336,2025/01/31 08:58:40.009,2025/01/31 08:58:32.005,6.663368,6.669883,6.651263,6.696359,0.013279,10,66.703904,2025/01/31 08:58:33.002,2025/01/31 08:58:35.016
2025/01/31 08:58:50.228,n,36.241256,35.18772,33.346324,38.916304,1.543882,10,351.9688,2025/01/31 08:58:41.137,2025/01/31 08:58:42.003,35.933732,35.87318,33.922256,39.908156,1.766815,10,357.36252,2025/01/31 08:58:44.014,2025/01/31 08:58:46.010,6.676561,6.66122,6.640026,6.676561,0.010578,10,66.564668,2025/01/31 08:58:47.030,2025/01/31 08:58:50.002
2025/01/31 08:59:00.248,n,39.029096,36.778684,34.6107,39.403032,1.758628,10,366.99412,2025/01/31 08:58:53.078,2025/01/31 08:58:59.093,34.906688,35.290152,32.188366,39.011856,2.119427,10,353.68196,2025/01/31 08:58:51.037,2025/01/31 08:58:53.078,6.694189,6.685426,6.666643,6.707209,0.012075,10,66.937164,2025/01/31 08:58:57.033,2025/01/31 08:58:58.003
2025/01/31 08:59:10.235,n,35.412216,36.280944,33.658,39.591692,2.102826,10,364.0808,2025/01/31 08:59:08.008,2025/01/31 08:59:09.054,36.238084,35.79702,32.843548,38.776716,2.143759,10,357.23612,2025/01/31 08:59:04.004,2025/01/31 08:59:08.008,6.687551,6.683304,6.653425,6.703902,0.01647,10,66.750916,2025/01/31 08:59:09.054,2025/01/31 08:59:02.011
2025/01/31 08:59:20.240,n,37.673748,35.881152,33.436356,37.673748,1.595349,10,357.62844,2025/01/31 08:59:11.082,2025/01/31 08:59:20.007,35.4543,34.724932,33.881548,36.354112,0.857969,10,347.8036,2025/01/31 08:59:11.082,2025/01/31 08:59:15.102,6.71156,6.688374,6.664468,6.71267,0.017948,10,66.893348,2025/01/31 08:59:11.082,2025/01/31 08:59:17.042
2025/01/31 08:59:30.230,n,35.248576,35.497108,32.147412,38.351732,1.820355,10,356.17052,2025/01/31 08:59:28.017,2025/01/31 08:59:24.010,38.942944,36.615808,34.752788,39.507768,1.676339,10,364.10716,2025/01/31 08:59:26.006,2025/01/31 08:59:28.017,6.723882,6.735888,6.720605,6.759113,0.014264,10,67.325376,2025/01/31 08:59:28.017,2025/01/31 08:59:25.103
2025/01/31 08:59:40.228,n,34.27598,35.808828,32.504254,38.492472,2.121781,10,358.4336,2025/01/31 08:59:33.093,2025/01/31 08:59:35.090,38.242384,35.44524,32.623546,38.242384,1.802535,10,355.17024,2025/01/31 08:59:36.002,2025/01/31 08:59:40.003,6.750305,6.743685,6.707374,6.781113,0.02429,10,67.423824,2025/01/31 08:59:32.004,2025/01/31 08:59:38.002
2025/01/31 08:59:50.232,n,34.226664,36.030504,33.277752,37.581736,1.608018,10,360.27696,2025/01/31 08:59:47.061,2025/01/31 08:59:46.002,36.793804,35.201172,33.764236,37.693404,1.355368,10,352.76552,2025/01/31 08:59:48.002,2025/01/31 08:59:42.208,6.744774,6.746335,6.73269,6.764585,0.010578,10,67.464448,2025/01/31 08:59:49.061,2025/01/31 08:59:48.002
2025/01/31 09:00:00.235,n,34.94948,35.109356,33.097546,37.338456,1.351159,10,350.58208,2025/01/31 08:59:57.056,2025/01/31 08:59:54.003,36.981092,35.94584,34.63292,37.13582,0.943672,10,359.5134,2025/01/31 08:59:51.098,2025/01/31 08:59:59.038,6.73269,6.719976,6.698375,6.737075,0.011351,10,67.208544,2025/01/31 08:59:57.056,2025/01/31 08:59:51.098
2025/01/31 09:00:10.289,n,38.583632,36.628276,34.798812,38.583632,1.348425,10,366.30424,2025/01/31 09:00:02.002,2025/01/31 09:00:10.054,34.981976,35.026644,32.716382,38.189652,1.676889,10,353.1764,2025/01/31 09:00:05.049,2025/01/31 09:00:09.074,6.723671,6.708967,6.685354,6.735966,0.01647,10,67.43616,2025/01/31 09:00:06.002,2025/01/31 09:00:01.031
2025/01/31 09:00:20.225,n,35.909196,35.845356,32.890702,37.229656,1.344638,10,358.0908,2025/01/31 09:00:11.072,2025/01/31 09:00:19.008,35.753216,35.616108,32.665172,38.093516,1.821428,10,353.9042,2025/01/31 09:00:19.008,2025/01/31 09:00:12.002,6.70276,6.706323,6.680909,6.730482,0.014382,10,66.729324,2025/01/31 09:00:16.002,2025/01/31 09:00:11.072
2025/01/31 09:00:30.228,n,34.945512,35.697044,32.906658,37.739,1.493693,10,357.57376,2025/01/31 09:00:24.002,2025/01/31 09:00:21.282,35.427292,36.32884,34.15974,40.260636,1.867897,10,363.02904,2025/01/31 09:00:28.002,2025/01/31 09:00:27.002,6.704079,6.703648,6.686441,6.723875,0.010737,10,67.03578,2025/01/31 09:00:28.002,2025/01/31 09:00:29.002
2025/01/31 09:00:40.266,n,35.976456,35.557352,32.27983,38.134504,1.827079,10,356.45556,2025/01/31 09:00:39.002,2025/01/31 09:00:36.002,36.85072,35.889516,33.445114,38.068312,1.647843,10,359.60204,2025/01/31 09:00:37.002,2025/01/31 09:00:35.002,6.711759,6.711628,6.689739,6.732682,0.0115,10,67.382752,2025/01/31 09:00:38.033,2025/01/31 09:00:39.002
2025/01/31 09:00:50.235,n,33.457866,36.012864,33.457866,39.4218,1.872974,10,360.19656,2025/01/31 09:00:50.003,2025/01/31 09:00:46.002,36.022352,35.770192,34.529676,37.784556,1.118762,10,356.74236,2025/01/31 09:00:41.003,2025/01/31 09:00:49.108,6.764585,6.726797,6.682037,6.764585,0.020995,10,66.972892,2025/01/31 09:00:41.003,2025/01/31 09:00:50.003
2025/01/31 09:01:00.486,n,37.790848,35.32776,32.13298,37.790848,1.778415,10,360.28108,2025/01/31 09:00:55.002,2025/01/31 09:01:00.253,34.652788,35.810144,33.850444,38.479108,1.778385,10,367.4928,2025/01/31 09:00:58.002,2025/01/31 09:00:56.002,6.752482,6.763384,6.752482,6.776734,0.008235,10,69.327856,2025/01/31 09:01:00.253,2025/01/31 09:00:55.002
2025/01/31 09:01:10.225,n,36.8531,35.10018,33.58598,37.923596,1.383457,10,342.4858,2025/01/31 09:01:06.052,2025/01/31 09:01:08.002,36.492996,36.08324,33.690748,37.533732,1.174453,10,350.99052,2025/01/31 09:01:08.002,2025/01/31 09:01:09.005,6.800922,6.793112,6.755777,6.825175,0.024009,10,66.213136,2025/01/31 09:01:02.002,2025/01/31 09:01:08.002
2025/01/31 09:01:20.229,n,36.048412,35.762176,33.2953,38.670788,1.41264,10,357.9156,2025/01/31 09:01:11.002,2025/01/31 09:01:13.002,35.479656,36.357748,32.810746,38.611888,1.587098,10,364.20696,2025/01/31 09:01:18.002,2025/01/31 09:01:12.037,6.77233,6.817137,6.77233,6.860595,0.024009,10,68.186288,2025/01/31 09:01:20.003,2025/01/31 09:01:14.002
2025/01/31 09:01:30.231,n,35.446364,35.63018,31.587172,37.587996,1.708619,10,356.24348,2025/01/31 09:01:27.002,2025/01/31 09:01:28.137,36.554456,36.07598,34.432688,37.295884,0.963809,10,360.34424,2025/01/31 09:01:29.002,2025/01/31 09:01:26.002,6.779998,6.788265,6.754715,6.805326,0.014024,10,67.878336,2025/01/31 09:01:29.002,2025/01/31 09:01:22.004
2025/01/31 09:01:40.268,n,34.20436,35.793916,33.24672,38.785356,1.757888,10,359.58388,2025/01/31 09:01:37.004,2025/01/31 09:01:36.002,35.488416,35.960844,34.053816,37.474684,1.048674,10,361.29936,2025/01/31 09:01:38.019,2025/01/31 09:01:36.002,6.75248,6.761182,6.745907,6.77781,0.011201,10,67.84116,2025/01/31 09:01:33.002,2025/01/31 09:01:31.005
2025/01/31 09:01:50.407,n,38.811232,35.952412,34.263256,38.811232,1.375671,10,356.09496,2025/01/31 09:01:47.002,2025/01/31 09:01:50.002,33.7339,35.652076,33.7339,37.969892,1.309562,10,356.27436,2025/01/31 09:01:50.002,2025/01/31 09:01:41.002,6.740363,6.756773,6.740363,6.776684,0.011934,10,67.358376,2025/01/31 09:01:50.002,2025/01/31 09:01:47.002
2025/01/31 09:02:00.224,n,38.428024,36.1732,34.136644,38.428024,1.308857,10,361.94932,2025/01/31 09:01:54.002,2025/01/31 09:02:00.002,33.750652,36.23656,33.750652,38.37614,1.498408,10,362.34752,2025/01/31 09:02:00.002,2025/01/31 09:01:56.019,6.771216,6.767222,6.754664,6.781087,0.009744,10,67.657848,2025/01/31 09:01:57.002,2025/01/31 09:01:55.002
